{"0. 72x^2 + 74x + 25 = 0": null, "1. 89x^2 + 63x + 81 = 0": null, "2. 59x^2 + 45x + 3 = 0": [-0.07380936759959231, -0.6889024968071874], "3. 38x^2 + 60x + 49 = 0": null, "4. 88x^2 + 30x + 37 = 0": null, "5. 47x^2 + 26x + 38 = 0": null, "6. 39x^2 + 40x + 34 = 0": null, "7. 60x^2 + 3x + 26 = 0": null, "8. 29x^2 + 60x + 12 = 0": [-0.22432137072615654, -1.8446441465152228], "9. 26x^2 + 16x + 98 = 0": null, "10. 28x^2 + 56x + 6 = 0": [-0.11359473957208165, -1.8864052604279185], "11. 71x^2 + 81x + 29 = 0": null, "12. 90x^2 + 90x + 59 = 0": null, "13. 13x^2 + 56x + 29 = 0": [-0.6019814613975373, -3.7057108462947705], "14. 63x^2 + 55x + 88 = 0": null, "15. 57x^2 + 14x + 34 = 0": null, "16. 34x^2 + 23x + 12 = 0": null, "17. 41x^2 + 18x + 50 = 0": null, "18. 22x^2 + 12x + 63 = 0": null, "19. 28x^2 + 43x + 35 = 0": null, "20. 28x^2 + 72x + 65 = 0": null, "21. 43x^2 + 49x + 33 = 0": null, "22. 10x^2 + 64x + 7 = 0": [-0.11131095770389976, -6.288689042296101], "23. 41x^2 + 79x + 85 = 0": null, "24. 2x^2 + 26x + 39 = 0": [-1.730303992915272, -11.269696007084729], "25. 54x^2 + 6x + 98 = 0": null, "26. 96x^2 + 57x + 31 = 0": null, "27. 4x^2 + 85x + 55 = 0": [-0.6680614644861844, -20.581938535513814], "28. 65x^2 + 16x + 83 = 0": null, "29. 55x^2 + 22x + 86 = 0": null, "30. 1x^2 + 60x + 25 = 0": [-0.41960108450192024, -59.58039891549808], "31. 91x^2 + 73x + 87 = 0": null, "32. 99x^2 + 82x + 71 = 0": null, "33. 58x^2 + 23x + 61 = 0": null, "34. 26x^2 + 20x + 78 = 0": null, "35. 4x^2 + 28x + 57 = 0": null, "36. 46x^2 + 42x + 5 = 0": [-0.14074262942752283, -0.7723008488333467], "37. 69x^2 + 96x + 49 = 0": null, "38. 78x^2 + 78x + 78 = 0": null, "39. 50x^2 + 17x + 35 = 0": null, "40. 20x^2 + 60x + 17 = 0": [-0.31678404338007676, -2.683215956619923], "41. 100x^2 + 92x + 82 = 0": null, "42. 95x^2 + 66x + 74 = 0": null, "43. 54x^2 + 79x + 24 = 0": [-0.43044873690724333, -1.0325142260557196], "44. 36x^2 + 40x + 64 = 0": null, "45. 13x^2 + 91x + 30 = 0": [-0.34685748937544997, -6.65314251062455], "46. 66x^2 + 13x + 93 = 0": null, "47. 47x^2 + 66x + 49 = 0": null, "48. 28x^2 + 57x + 51 = 0": null, "49. 34x^2 + 85x + 91 = 0": null, "50. 50x^2 + 82x + 7 = 0": [-0.090342546121812, -1.549657453878188], "51. 46x^2 + 83x + 77 = 0": null, "52. 41x^2 + 96x + 28 = 0": [-0.34146341463414637, -2.0], "53. 46x^2 + 10x + 30 = 0": null, "54. 91x^2 + 29x + 50 = 0": null, "55. 72x^2 + 69x + 16 = 0": [-0.3932686327996321, -0.5650647005337013], "56. 16x^2 + 70x + 1 = 0": [-0.014332668660786307, -4.360667331339213], "57. 30x^2 + 14x + 60 = 0": null, "58. 58x^2 + 28x + 77 = 0": null, "59. 61x^2 + 7x + 35 = 0": null, "60. 59x^2 + 96x + 28 = 0": [-0.38077473441343374, -1.2463439096543627], "61. 95x^2 + 42x + 5 = 0": null, "62. 56x^2 + 30x + 86 = 0": null, "63. 84x^2 + 24x + 58 = 0": null, "64. 22x^2 + 25x + 2 = 0": [-0.08659954317233884, -1.0497640931912975], "65. 95x^2 + 89x + 16 = 0": [-0.24259538996921123, -0.6942467152939467], "66. 5x^2 + 71x + 29 = 0": [-0.42092820820138144, -13.779071791798618], "67. 75x^2 + 8x + 29 = 0": null, "68. 91x^2 + 9x + 78 = 0": null, "69. 53x^2 + 1x + 34 = 0": null, "70. 33x^2 + 59x + 85 = 0": null, "71. 21x^2 + 95x + 57 = 0": [-0.7120894704452526, -3.8117200533642714], "72. 55x^2 + 80x + 63 = 0": null, "73. 63x^2 + 84x + 32 = 0": null, "74. 53x^2 + 91x + 30 = 0": [-0.44500741507903535, -1.2719737169964365], "75. 12x^2 + 15x + 24 = 0": null, "76. 27x^2 + 66x + 32 = 0": [-0.6666666666666666, -1.7777777777777777], "77. 21x^2 + 62x + 80 = 0": null, "78. 21x^2 + 74x + 60 = 0": [-1.2647473090994974, -2.2590622147100263], "79. 98x^2 + 89x + 50 = 0": null, "80. 87x^2 + 33x + 98 = 0": null, "81. 80x^2 + 77x + 64 = 0": null, "82. 63x^2 + 30x + 89 = 0": null, "83. 75x^2 + 95x + 76 = 0": null, "84. 4x^2 + 36x + 96 = 0": null, "85. 17x^2 + 66x + 64 = 0": [-1.8823529411764706, -2.0], "86. 86x^2 + 55x + 31 = 0": null, "87. 46x^2 + 97x + 100 = 0": null, "88. 28x^2 + 59x + 97 = 0": null, "89. 36x^2 + 77x + 55 = 0": null, "90. 85x^2 + 18x + 99 = 0": null, "91. 79x^2 + 65x + 56 = 0": null, "92. 33x^2 + 60x + 81 = 0": null, "93. 3x^2 + 32x + 24 = 0": [-0.8117800112498212, -9.854886655416847], "94. 30x^2 + 41x + 69 = 0": null, "95. 34x^2 + 79x + 59 = 0": null, "96. 29x^2 + 50x + 93 = 0": null, "97. 33x^2 + 22x + 82 = 0": null, "98. 66x^2 + 72x + 47 = 0": null, "99. 76x^2 + 83x + 16 = 0": [-0.25, -0.8421052631578947], "100. 74x^2 + 50x + 90 = 0": null}